tolc_activity,hts_activity
0.27425826,0.697704
0.00011573786,7.719056e-09
0.70735955,0.86887324
